,best,avg,cycle_time(ms)
0,0,0.0,0.0
1,1435,1303.875,0.0
2,1435,1275.0,0.0
3,1435,1314.375,0.9970664978027344
4,1435,1333.0,0.9975433349609375
5,1458,1348.25,0.0
