,best,avg,cycle_time(ms)
0,0,0.0,0.0
1,284,263.375,1.9938945770263672
2,309,269.25,1.5025138854980469
