,best,avg,cycle_time(ms)
0,0,0.0,0.0
1,284,188.0,0.0
2,284,205.375,0.0
3,284,197.375,0.0
4,284,205.75,0.9975433349609375
5,284,192.125,0.9977817535400391
6,284,186.0,1.1119842529296875
7,284,181.75,0.9968280792236328
8,284,202.375,0.0
9,284,213.625,0.0
10,284,216.75,0.0
11,284,210.375,0.0
12,284,220.75,0.9975433349609375
13,284,214.75,0.9970664978027344
14,309,221.5,0.0
