,best,avg,cycle_time(ms)
0,0,0.0,0.0
1,228,178.5,0.9970664978027344
2,228,187.875,0.0
3,265,208.125,0.0
4,265,199.25,1.0221004486083984
5,265,205.875,0.9734630584716797
6,309,213.5,0.0
